title,link,price,original_price,purchase_count,ratings,ratings_count,image,age_group,discount
"Skillmatics Board Game Rapid Rumble, Fun for Family Game Night, Educational Toy, Card Game for Kids, Teens & Adults, Gifts for Ages 6, 7, 8, 9 and Up",https://www.amazon.in/Skillmatics-Board-Game-Educational-Friendly/dp/B09NYD15ZH/ref=sr_1_1?dib=eyJ2IjoiMSJ9.Ia83r0UShgS5psMV683oJvjWtOeki0_G3XggXiOUPCvey0cxJg8UnRnBfZTvwuCSs_01zmyPp3OjCcg3C6SoXGMA-4VZpWhPgcjIrz0EfnQFXlwlfls15p44cONrB94nc53yLZmLrn3cfGanvazO1X9b-mP2bQf5BdSrsFEalQvYfGBzzx2O6liWp3fpoCf0zfw4-IH-FWe256fOebq0TOguz4BzG0GgFvZuIMKNs8kR96BX9wGRKljEg8ncYZPEWV1C7EoTbNpwKwsGlBJ8ONxu-yau4Y2GI9chxIqs3isqeRw_19qK9brvo2LH_39NL_v3HTCbY7zJ-qcJHxM9Hrk3iYco52p_m23xq9k2Gvc.vulUGJwcyNKEbAMuwHzh_B7MplNlUV8WuqLF8SesABk&dib_tag=se&qid=1735477082&refinements=p_89%3ASkillmatics&s=toys&sr=1-1,664,699,2K+,4.5,"2,831",https://m.media-amazon.com/images/I/81ae78v6dDL._AC_UL320_.jpg,Ages: 6 years and up,5.01
"Skillmatics Art & Craft Activity Kit - Snip, Snip, Practice Scissor Skills, Craft Kits & Supplies, 25 DIY Activities, Gifts for Toddlers, Girls & Boys Ages 3, 4, 5, 6, 7, Travel Toys,Multicolor, Paper",https://www.amazon.in/Skillmatics-Art-Craft-Activity-Kit/dp/B0CCYHWHXC/ref=sr_1_2?dib=eyJ2IjoiMSJ9.Ia83r0UShgS5psMV683oJvjWtOeki0_G3XggXiOUPCvey0cxJg8UnRnBfZTvwuCSs_01zmyPp3OjCcg3C6SoXGMA-4VZpWhPgcjIrz0EfnQFXlwlfls15p44cONrB94nc53yLZmLrn3cfGanvazO1X9b-mP2bQf5BdSrsFEalQvYfGBzzx2O6liWp3fpoCf0zfw4-IH-FWe256fOebq0TOguz4BzG0GgFvZuIMKNs8kR96BX9wGRKljEg8ncYZPEWV1C7EoTbNpwKwsGlBJ8ONxu-yau4Y2GI9chxIqs3isqeRw_19qK9brvo2LH_39NL_v3HTCbY7zJ-qcJHxM9Hrk3iYco52p_m23xq9k2Gvc.vulUGJwcyNKEbAMuwHzh_B7MplNlUV8WuqLF8SesABk&dib_tag=se&qid=1735477082&refinements=p_89%3ASkillmatics&s=toys&sr=1-2,569,599,1K+,4.2,918,https://m.media-amazon.com/images/I/81znpatUF7L._AC_UL320_.jpg,Ages: 36 months - 7 years,5.01
"Skillmatics Peek-A-Boo Jungle Book - Soft Cloth Book for Baby, Infant & Toddler Toys, Crinkle Pages for Sensory Play, Gifts for Ages 6 Months and Up, Multicolor",https://www.amazon.in/Skillmatics-Peek-Jungle-Ages-Months/dp/B0BTYMG6P2/ref=sr_1_3?dib=eyJ2IjoiMSJ9.Ia83r0UShgS5psMV683oJvjWtOeki0_G3XggXiOUPCvey0cxJg8UnRnBfZTvwuCSs_01zmyPp3OjCcg3C6SoXGMA-4VZpWhPgcjIrz0EfnQFXlwlfls15p44cONrB94nc53yLZmLrn3cfGanvazO1X9b-mP2bQf5BdSrsFEalQvYfGBzzx2O6liWp3fpoCf0zfw4-IH-FWe256fOebq0TOguz4BzG0GgFvZuIMKNs8kR96BX9wGRKljEg8ncYZPEWV1C7EoTbNpwKwsGlBJ8ONxu-yau4Y2GI9chxIqs3isqeRw_19qK9brvo2LH_39NL_v3HTCbY7zJ-qcJHxM9Hrk3iYco52p_m23xq9k2Gvc.vulUGJwcyNKEbAMuwHzh_B7MplNlUV8WuqLF8SesABk&dib_tag=se&qid=1735477082&refinements=p_89%3ASkillmatics&s=toys&sr=1-3,999,"1,200",1K+,3.9,646,https://m.media-amazon.com/images/I/81vKRwQUjlL._AC_UL320_.jpg,Ages: 6 months and up,16.75
"Skillmatics Large Flash Cards for Babies & Infants - High Contrast, Newborn Visual Stimulation & Sensory Development for 0 to 12 Months, 60 Pictures, Gifts, Travel Friendly",https://www.amazon.in/Skillmatics-Flash-Cards-Infants-Stimulation/dp/B0BFDGYSZM/ref=sr_1_4?dib=eyJ2IjoiMSJ9.Ia83r0UShgS5psMV683oJvjWtOeki0_G3XggXiOUPCvey0cxJg8UnRnBfZTvwuCSs_01zmyPp3OjCcg3C6SoXGMA-4VZpWhPgcjIrz0EfnQFXlwlfls15p44cONrB94nc53yLZmLrn3cfGanvazO1X9b-mP2bQf5BdSrsFEalQvYfGBzzx2O6liWp3fpoCf0zfw4-IH-FWe256fOebq0TOguz4BzG0GgFvZuIMKNs8kR96BX9wGRKljEg8ncYZPEWV1C7EoTbNpwKwsGlBJ8ONxu-yau4Y2GI9chxIqs3isqeRw_19qK9brvo2LH_39NL_v3HTCbY7zJ-qcJHxM9Hrk3iYco52p_m23xq9k2Gvc.vulUGJwcyNKEbAMuwHzh_B7MplNlUV8WuqLF8SesABk&dib_tag=se&qid=1735477082&refinements=p_89%3ASkillmatics&s=toys&sr=1-4,664,699,1K+,4.4,"3,878",https://m.media-amazon.com/images/I/71zLJScAfrL._AC_UL320_.jpg,Ages: 0 - 1 years,5.01
"Skillmatics Art & Craft Activity - Poke-in Art Magical Princesses, Mess-Free Art for Kids, DIY Craft Kits, Creative Activity, Fine Motor Skills, Gifts for Girls & Boys Ages 4, 5, 6, 7, 8, 9",https://www.amazon.in/Skillmatics-Art-Craft-Activity-Poke/dp/B0D3F9J33P/ref=sr_1_5?dib=eyJ2IjoiMSJ9.Ia83r0UShgS5psMV683oJvjWtOeki0_G3XggXiOUPCvey0cxJg8UnRnBfZTvwuCSs_01zmyPp3OjCcg3C6SoXGMA-4VZpWhPgcjIrz0EfnQFXlwlfls15p44cONrB94nc53yLZmLrn3cfGanvazO1X9b-mP2bQf5BdSrsFEalQvYfGBzzx2O6liWp3fpoCf0zfw4-IH-FWe256fOebq0TOguz4BzG0GgFvZuIMKNs8kR96BX9wGRKljEg8ncYZPEWV1C7EoTbNpwKwsGlBJ8ONxu-yau4Y2GI9chxIqs3isqeRw_19qK9brvo2LH_39NL_v3HTCbY7zJ-qcJHxM9Hrk3iYco52p_m23xq9k2Gvc.vulUGJwcyNKEbAMuwHzh_B7MplNlUV8WuqLF8SesABk&dib_tag=se&qid=1735477082&refinements=p_89%3ASkillmatics&s=toys&sr=1-5,949,999,1K+,4.6,63,https://m.media-amazon.com/images/I/810ydT8cqDL._AC_UL320_.jpg,Ages: 4 - 9 years,5.01
"Skillmatics Paper Magical Scratch Art Book - Unicorns & Princesses, Craft Kits, Diy Activity & Stickers, Gifts For Girls & Boys Ages 3, 4, 5, 6, 7, 8, Multicolour",https://www.amazon.in/Skillmatics-Paper-Magical-Scratch-Book/dp/B0CCL6NJ4P/ref=sr_1_6?dib=eyJ2IjoiMSJ9.Ia83r0UShgS5psMV683oJvjWtOeki0_G3XggXiOUPCvey0cxJg8UnRnBfZTvwuCSs_01zmyPp3OjCcg3C6SoXGMA-4VZpWhPgcjIrz0EfnQFXlwlfls15p44cONrB94nc53yLZmLrn3cfGanvazO1X9b-mP2bQf5BdSrsFEalQvYfGBzzx2O6liWp3fpoCf0zfw4-IH-FWe256fOebq0TOguz4BzG0GgFvZuIMKNs8kR96BX9wGRKljEg8ncYZPEWV1C7EoTbNpwKwsGlBJ8ONxu-yau4Y2GI9chxIqs3isqeRw_19qK9brvo2LH_39NL_v3HTCbY7zJ-qcJHxM9Hrk3iYco52p_m23xq9k2Gvc.vulUGJwcyNKEbAMuwHzh_B7MplNlUV8WuqLF8SesABk&dib_tag=se&qid=1735477082&refinements=p_89%3ASkillmatics&s=toys&sr=1-6,567,599,800+,4.0,255,https://m.media-amazon.com/images/I/81IRB8RNeNL._AC_UL320_.jpg,,5.34
"Skillmatics Rock Painting Kit - Mess-Free Art & Craft Activity For Girls & Boys, Craft Kits & Supplies, Diy Creative Activity, Gifts For Kids Ages 4, 5, 6, 7, 8, 9, 10, 11, 12, Multicolor",https://www.amazon.in/Skillmatics-Rock-Painting-Kit-Multicolor/dp/B0CXTGP7M6/ref=sr_1_7?dib=eyJ2IjoiMSJ9.Ia83r0UShgS5psMV683oJvjWtOeki0_G3XggXiOUPCvey0cxJg8UnRnBfZTvwuCSs_01zmyPp3OjCcg3C6SoXGMA-4VZpWhPgcjIrz0EfnQFXlwlfls15p44cONrB94nc53yLZmLrn3cfGanvazO1X9b-mP2bQf5BdSrsFEalQvYfGBzzx2O6liWp3fpoCf0zfw4-IH-FWe256fOebq0TOguz4BzG0GgFvZuIMKNs8kR96BX9wGRKljEg8ncYZPEWV1C7EoTbNpwKwsGlBJ8ONxu-yau4Y2GI9chxIqs3isqeRw_19qK9brvo2LH_39NL_v3HTCbY7zJ-qcJHxM9Hrk3iYco52p_m23xq9k2Gvc.vulUGJwcyNKEbAMuwHzh_B7MplNlUV8WuqLF8SesABk&dib_tag=se&qid=1735477082&refinements=p_89%3ASkillmatics&s=toys&sr=1-7,948,999,1K+,4.0,80,https://m.media-amazon.com/images/I/81FylXzS5QL._AC_UL320_.jpg,,5.11
"Skillmatics Card Game - Guess in 10 Countries of The World, Perfect for Boys, Girls, Kids, and Families Who Love Educational Toys, Travel Friendly, Gifts for Ages 8, 9, 10 & Up",https://www.amazon.in/Skillmatics-Countries-World-Questions-Knowledge/dp/B08GKP3L51/ref=sr_1_8?dib=eyJ2IjoiMSJ9.Ia83r0UShgS5psMV683oJvjWtOeki0_G3XggXiOUPCvey0cxJg8UnRnBfZTvwuCSs_01zmyPp3OjCcg3C6SoXGMA-4VZpWhPgcjIrz0EfnQFXlwlfls15p44cONrB94nc53yLZmLrn3cfGanvazO1X9b-mP2bQf5BdSrsFEalQvYfGBzzx2O6liWp3fpoCf0zfw4-IH-FWe256fOebq0TOguz4BzG0GgFvZuIMKNs8kR96BX9wGRKljEg8ncYZPEWV1C7EoTbNpwKwsGlBJ8ONxu-yau4Y2GI9chxIqs3isqeRw_19qK9brvo2LH_39NL_v3HTCbY7zJ-qcJHxM9Hrk3iYco52p_m23xq9k2Gvc.vulUGJwcyNKEbAMuwHzh_B7MplNlUV8WuqLF8SesABk&dib_tag=se&qid=1735477082&refinements=p_89%3ASkillmatics&s=toys&sr=1-8,333,350,800+,4.4,"4,391",https://m.media-amazon.com/images/I/81xD3RlGr6L._AC_UL320_.jpg,Ages: 8 years and up,4.86
"Skillmatics Kid India Map Puzzle - 70 Pieces, Educational Toy, Learn 300+ Facts About India, Gifts For Ages 6 To 12",https://www.amazon.in/Skillmatics-India-Map-Puzzle-Educational/dp/B0C6QGVR7M/ref=sr_1_9?dib=eyJ2IjoiMSJ9.Ia83r0UShgS5psMV683oJvjWtOeki0_G3XggXiOUPCvey0cxJg8UnRnBfZTvwuCSs_01zmyPp3OjCcg3C6SoXGMA-4VZpWhPgcjIrz0EfnQFXlwlfls15p44cONrB94nc53yLZmLrn3cfGanvazO1X9b-mP2bQf5BdSrsFEalQvYfGBzzx2O6liWp3fpoCf0zfw4-IH-FWe256fOebq0TOguz4BzG0GgFvZuIMKNs8kR96BX9wGRKljEg8ncYZPEWV1C7EoTbNpwKwsGlBJ8ONxu-yau4Y2GI9chxIqs3isqeRw_19qK9brvo2LH_39NL_v3HTCbY7zJ-qcJHxM9Hrk3iYco52p_m23xq9k2Gvc.vulUGJwcyNKEbAMuwHzh_B7MplNlUV8WuqLF8SesABk&dib_tag=se&qid=1735477082&refinements=p_89%3ASkillmatics&s=toys&sr=1-9,664,699,700+,4.2,436,https://m.media-amazon.com/images/I/910li7k10pL._AC_UL320_.jpg,Ages: 6 - 12 years,5.01
"Skillmatics Paper Art & Craft Activity - Foil Fun Disney Frozen, Mess-Free Art for Kids, Craft Kits, DIY Creative Activity, Gifts for Girls & Boys Ages 4, 5, 6, 7, 8, 9, Multicolor",https://www.amazon.in/Skillmatics-Art-Craft-Activity-Mess-Free/dp/B0D39XBMG3/ref=sr_1_10?dib=eyJ2IjoiMSJ9.Ia83r0UShgS5psMV683oJvjWtOeki0_G3XggXiOUPCvey0cxJg8UnRnBfZTvwuCSs_01zmyPp3OjCcg3C6SoXGMA-4VZpWhPgcjIrz0EfnQFXlwlfls15p44cONrB94nc53yLZmLrn3cfGanvazO1X9b-mP2bQf5BdSrsFEalQvYfGBzzx2O6liWp3fpoCf0zfw4-IH-FWe256fOebq0TOguz4BzG0GgFvZuIMKNs8kR96BX9wGRKljEg8ncYZPEWV1C7EoTbNpwKwsGlBJ8ONxu-yau4Y2GI9chxIqs3isqeRw_19qK9brvo2LH_39NL_v3HTCbY7zJ-qcJHxM9Hrk3iYco52p_m23xq9k2Gvc.vulUGJwcyNKEbAMuwHzh_B7MplNlUV8WuqLF8SesABk&dib_tag=se&qid=1735477082&refinements=p_89%3ASkillmatics&s=toys&sr=1-10,948,999,700+,4.3,49,https://m.media-amazon.com/images/I/91G++FG4MAL._AC_UL320_.jpg,Ages: 4 - 9 years,5.11
"Skillmatics Storybook Adventure Art Kit - Write & Create Storybooks, Creative Activity, DIY Kit, 150+ Stickers, Gifts for Kids Ages 5, 6, 7, 8, 9, 10 - Multicolor",https://www.amazon.in/Skillmatics-Storybook-Adventure-Art-Kit/dp/B0CMH53VBX/ref=sr_1_11?dib=eyJ2IjoiMSJ9.Ia83r0UShgS5psMV683oJvjWtOeki0_G3XggXiOUPCvey0cxJg8UnRnBfZTvwuCSs_01zmyPp3OjCcg3C6SoXGMA-4VZpWhPgcjIrz0EfnQFXlwlfls15p44cONrB94nc53yLZmLrn3cfGanvazO1X9b-mP2bQf5BdSrsFEalQvYfGBzzx2O6liWp3fpoCf0zfw4-IH-FWe256fOebq0TOguz4BzG0GgFvZuIMKNs8kR96BX9wGRKljEg8ncYZPEWV1C7EoTbNpwKwsGlBJ8ONxu-yau4Y2GI9chxIqs3isqeRw_19qK9brvo2LH_39NL_v3HTCbY7zJ-qcJHxM9Hrk3iYco52p_m23xq9k2Gvc.vulUGJwcyNKEbAMuwHzh_B7MplNlUV8WuqLF8SesABk&dib_tag=se&qid=1735477082&refinements=p_89%3ASkillmatics&s=toys&sr=1-11,948,999,700+,4.3,377,https://m.media-amazon.com/images/I/81Dx0RR-zCL._AC_UL320_.jpg,,5.11
"Skillmatics Card Game - Guess in 10 Harry Potter, Perfect for Boys, Girls, Kids, Families, Teens & Adults, Play with Wizards, Magic, Ron, Hermione, Dumbledore, Snape, Gifts for Ages 8, 9, 10 and Up",https://www.amazon.in/Skillmatics-Harry-Potter-Card-Game/dp/B0BJVV849P/ref=sr_1_12?dib=eyJ2IjoiMSJ9.Ia83r0UShgS5psMV683oJvjWtOeki0_G3XggXiOUPCvey0cxJg8UnRnBfZTvwuCSs_01zmyPp3OjCcg3C6SoXGMA-4VZpWhPgcjIrz0EfnQFXlwlfls15p44cONrB94nc53yLZmLrn3cfGanvazO1X9b-mP2bQf5BdSrsFEalQvYfGBzzx2O6liWp3fpoCf0zfw4-IH-FWe256fOebq0TOguz4BzG0GgFvZuIMKNs8kR96BX9wGRKljEg8ncYZPEWV1C7EoTbNpwKwsGlBJ8ONxu-yau4Y2GI9chxIqs3isqeRw_19qK9brvo2LH_39NL_v3HTCbY7zJ-qcJHxM9Hrk3iYco52p_m23xq9k2Gvc.vulUGJwcyNKEbAMuwHzh_B7MplNlUV8WuqLF8SesABk&dib_tag=se&qid=1735477082&refinements=p_89%3ASkillmatics&s=toys&sr=1-12,474,499,600+,4.4,"1,449",https://m.media-amazon.com/images/I/91q9NWx9ErL._AC_UL320_.jpg,Ages: 8 years and up,5.01
"Skillmatics Art & Craft Activity - Foil Fun Unicorns & Princesses, No Mess Art for Kids, Craft Kits & Supplies, DIY Creative Activity, Gifts for Girls & Boys Ages 4, 5, 6, 7, 8, 9, Travel Toys",https://www.amazon.in/Skillmatics-Art-Craft-Activity-Princesses/dp/B0BVMZHYFN/ref=sr_1_13?dib=eyJ2IjoiMSJ9.Ia83r0UShgS5psMV683oJvjWtOeki0_G3XggXiOUPCvey0cxJg8UnRnBfZTvwuCSs_01zmyPp3OjCcg3C6SoXGMA-4VZpWhPgcjIrz0EfnQFXlwlfls15p44cONrB94nc53yLZmLrn3cfGanvazO1X9b-mP2bQf5BdSrsFEalQvYfGBzzx2O6liWp3fpoCf0zfw4-IH-FWe256fOebq0TOguz4BzG0GgFvZuIMKNs8kR96BX9wGRKljEg8ncYZPEWV1C7EoTbNpwKwsGlBJ8ONxu-yau4Y2GI9chxIqs3isqeRw_19qK9brvo2LH_39NL_v3HTCbY7zJ-qcJHxM9Hrk3iYco52p_m23xq9k2Gvc.vulUGJwcyNKEbAMuwHzh_B7MplNlUV8WuqLF8SesABk&dib_tag=se&qid=1735477082&refinements=p_89%3ASkillmatics&s=toys&sr=1-13,948,999,600+,4.5,729,https://m.media-amazon.com/images/I/81SPhU31SDL._AC_UL320_.jpg,,5.11
"Skillmatics Art & Craft Activity - Sand-Tastic Art Animals, Sand Art for Kids, Craft Kits & Supplies, DIY Creative Activity, Gifts for Girls & Boys Ages 4, 5, 6, 7, 8, 9, 10",https://www.amazon.in/Skillmatics-Art-Craft-Activity-Sand-Tastic/dp/B0DHRVK5J4/ref=sr_1_14?dib=eyJ2IjoiMSJ9.Ia83r0UShgS5psMV683oJvjWtOeki0_G3XggXiOUPCvey0cxJg8UnRnBfZTvwuCSs_01zmyPp3OjCcg3C6SoXGMA-4VZpWhPgcjIrz0EfnQFXlwlfls15p44cONrB94nc53yLZmLrn3cfGanvazO1X9b-mP2bQf5BdSrsFEalQvYfGBzzx2O6liWp3fpoCf0zfw4-IH-FWe256fOebq0TOguz4BzG0GgFvZuIMKNs8kR96BX9wGRKljEg8ncYZPEWV1C7EoTbNpwKwsGlBJ8ONxu-yau4Y2GI9chxIqs3isqeRw_19qK9brvo2LH_39NL_v3HTCbY7zJ-qcJHxM9Hrk3iYco52p_m23xq9k2Gvc.vulUGJwcyNKEbAMuwHzh_B7MplNlUV8WuqLF8SesABk&dib_tag=se&qid=1735477082&refinements=p_89%3ASkillmatics&s=toys&sr=1-14,949,999,300+,4.7,16,https://m.media-amazon.com/images/I/81WBkA63+DL._AC_UL320_.jpg,,5.01
"Skillmatics Art & Craft Activity- Foil Fun Holiday Magic, No Mess Art for Kids, Craft Kits & Supplies, DIY Creative Activity, Gifts for Ages 4, 5, 6, 7, 8, 9",https://www.amazon.in/Skillmatics-Activity-Supplies-Creative-Multicolour/dp/B0CK1H8D8V/ref=sr_1_15?dib=eyJ2IjoiMSJ9.Ia83r0UShgS5psMV683oJvjWtOeki0_G3XggXiOUPCvey0cxJg8UnRnBfZTvwuCSs_01zmyPp3OjCcg3C6SoXGMA-4VZpWhPgcjIrz0EfnQFXlwlfls15p44cONrB94nc53yLZmLrn3cfGanvazO1X9b-mP2bQf5BdSrsFEalQvYfGBzzx2O6liWp3fpoCf0zfw4-IH-FWe256fOebq0TOguz4BzG0GgFvZuIMKNs8kR96BX9wGRKljEg8ncYZPEWV1C7EoTbNpwKwsGlBJ8ONxu-yau4Y2GI9chxIqs3isqeRw_19qK9brvo2LH_39NL_v3HTCbY7zJ-qcJHxM9Hrk3iYco52p_m23xq9k2Gvc.vulUGJwcyNKEbAMuwHzh_B7MplNlUV8WuqLF8SesABk&dib_tag=se&qid=1735477082&refinements=p_89%3ASkillmatics&s=toys&sr=1-15,949,999,1K+,4.0,10,https://m.media-amazon.com/images/I/81cpFrVq1mL._AC_UL320_.jpg,Ages: 4 - 9 years,5.01
"Skillmatics High Contrast Sensory Cloth Mat for Babies & Infants - Newborn Visual Stimulation, Observation Skills, Gifts for 0 to 18 Months, Multicolor",https://www.amazon.in/Skillmatics-Contrast-Sensory-Babies-Infants/dp/B0DFC5QP7F/ref=sr_1_16?dib=eyJ2IjoiMSJ9.Ia83r0UShgS5psMV683oJvjWtOeki0_G3XggXiOUPCvey0cxJg8UnRnBfZTvwuCSs_01zmyPp3OjCcg3C6SoXGMA-4VZpWhPgcjIrz0EfnQFXlwlfls15p44cONrB94nc53yLZmLrn3cfGanvazO1X9b-mP2bQf5BdSrsFEalQvYfGBzzx2O6liWp3fpoCf0zfw4-IH-FWe256fOebq0TOguz4BzG0GgFvZuIMKNs8kR96BX9wGRKljEg8ncYZPEWV1C7EoTbNpwKwsGlBJ8ONxu-yau4Y2GI9chxIqs3isqeRw_19qK9brvo2LH_39NL_v3HTCbY7zJ-qcJHxM9Hrk3iYco52p_m23xq9k2Gvc.vulUGJwcyNKEbAMuwHzh_B7MplNlUV8WuqLF8SesABk&dib_tag=se&qid=1735477082&refinements=p_89%3ASkillmatics&s=toys&sr=1-16,"1,139","1,199",600+,3.8,5,https://m.media-amazon.com/images/I/71weFJYSMvL._AC_UL320_.jpg,Ages: 0 - 2 years,5.0
"Skillmatics Paper Art Activity - Dot It with Magnets Animals, No Mess Repeatable Art for Kids, Craft Kits, DIY Creative Activity, Gifts for Boys & Girls Ages 4, 5, 6, 7",https://www.amazon.in/Skillmatics-Art-Activity-Dot-Magnets/dp/B0BY97B5N8/ref=sr_1_17?dib=eyJ2IjoiMSJ9.Ia83r0UShgS5psMV683oJvjWtOeki0_G3XggXiOUPCvey0cxJg8UnRnBfZTvwuCSs_01zmyPp3OjCcg3C6SoXGMA-4VZpWhPgcjIrz0EfnQFXlwlfls15p44cONrB94nc53yLZmLrn3cfGanvazO1X9b-mP2bQf5BdSrsFEalQvYfGBzzx2O6liWp3fpoCf0zfw4-IH-FWe256fOebq0TOguz4BzG0GgFvZuIMKNs8kR96BX9wGRKljEg8ncYZPEWV1C7EoTbNpwKwsGlBJ8ONxu-yau4Y2GI9chxIqs3isqeRw_19qK9brvo2LH_39NL_v3HTCbY7zJ-qcJHxM9Hrk3iYco52p_m23xq9k2Gvc.vulUGJwcyNKEbAMuwHzh_B7MplNlUV8WuqLF8SesABk&dib_tag=se&qid=1735477082&refinements=p_89%3ASkillmatics&s=toys&sr=1-17,854,899,600+,4.4,361,https://m.media-amazon.com/images/I/81I-jt0L0aL._AC_UL320_.jpg,Ages: 36 months - 7 years,5.01
"Skillmatics Card Game - What's for Dinner, Fun Strategy & Memory Game, Gifts & Family Friendly Games for Ages 7 and Up",https://www.amazon.in/Skillmatics-Card-Game-Strategy-Multicolor/dp/B09HMN2HM7/ref=sr_1_18?dib=eyJ2IjoiMSJ9.Ia83r0UShgS5psMV683oJvjWtOeki0_G3XggXiOUPCvey0cxJg8UnRnBfZTvwuCSs_01zmyPp3OjCcg3C6SoXGMA-4VZpWhPgcjIrz0EfnQFXlwlfls15p44cONrB94nc53yLZmLrn3cfGanvazO1X9b-mP2bQf5BdSrsFEalQvYfGBzzx2O6liWp3fpoCf0zfw4-IH-FWe256fOebq0TOguz4BzG0GgFvZuIMKNs8kR96BX9wGRKljEg8ncYZPEWV1C7EoTbNpwKwsGlBJ8ONxu-yau4Y2GI9chxIqs3isqeRw_19qK9brvo2LH_39NL_v3HTCbY7zJ-qcJHxM9Hrk3iYco52p_m23xq9k2Gvc.vulUGJwcyNKEbAMuwHzh_B7MplNlUV8WuqLF8SesABk&dib_tag=se&qid=1735477082&refinements=p_89%3ASkillmatics&s=toys&sr=1-18,284,299,800+,4.4,362,https://m.media-amazon.com/images/I/81gzGKV0cvL._AC_UL320_.jpg,Ages: 7 years and up,5.02
"Skillmatics Paper Magical Scratch Art Book For Kids - Animals, Craft Kits & Supplies, Diy Activity & Stickers, Gifts For Toddlers, Girls & Boys Ages 3, 4, 5, 6, 7, 8, Travel Toys, Multicolor",https://www.amazon.in/Skillmatics-Magical-Scratch-Book-Kids/dp/B0CCL91VZR/ref=sr_1_19?dib=eyJ2IjoiMSJ9.Ia83r0UShgS5psMV683oJvjWtOeki0_G3XggXiOUPCvey0cxJg8UnRnBfZTvwuCSs_01zmyPp3OjCcg3C6SoXGMA-4VZpWhPgcjIrz0EfnQFXlwlfls15p44cONrB94nc53yLZmLrn3cfGanvazO1X9b-mP2bQf5BdSrsFEalQvYfGBzzx2O6liWp3fpoCf0zfw4-IH-FWe256fOebq0TOguz4BzG0GgFvZuIMKNs8kR96BX9wGRKljEg8ncYZPEWV1C7EoTbNpwKwsGlBJ8ONxu-yau4Y2GI9chxIqs3isqeRw_19qK9brvo2LH_39NL_v3HTCbY7zJ-qcJHxM9Hrk3iYco52p_m23xq9k2Gvc.vulUGJwcyNKEbAMuwHzh_B7MplNlUV8WuqLF8SesABk&dib_tag=se&qid=1735477082&refinements=p_89%3ASkillmatics&s=toys&sr=1-19,567,599,500+,4.0,255,https://m.media-amazon.com/images/I/81Hs1RwqYvL._AC_UL320_.jpg,,5.34
"Skillmatics Pretend Play Playset - Restaurant Playset, 30+ Magnetic Food Items for Child's Play, Restaurant Toys, Back-to-School Kitchen Accessories, Gifts for Kids, Toddlers, Ages 3, 4, 5, 6, 7, 8",https://www.amazon.in/Skillmatics-Pretend-Playset-Back-School/dp/B0D5M1JTRC/ref=sr_1_20?dib=eyJ2IjoiMSJ9.Ia83r0UShgS5psMV683oJvjWtOeki0_G3XggXiOUPCvey0cxJg8UnRnBfZTvwuCSs_01zmyPp3OjCcg3C6SoXGMA-4VZpWhPgcjIrz0EfnQFXlwlfls15p44cONrB94nc53yLZmLrn3cfGanvazO1X9b-mP2bQf5BdSrsFEalQvYfGBzzx2O6liWp3fpoCf0zfw4-IH-FWe256fOebq0TOguz4BzG0GgFvZuIMKNs8kR96BX9wGRKljEg8ncYZPEWV1C7EoTbNpwKwsGlBJ8ONxu-yau4Y2GI9chxIqs3isqeRw_19qK9brvo2LH_39NL_v3HTCbY7zJ-qcJHxM9Hrk3iYco52p_m23xq9k2Gvc.vulUGJwcyNKEbAMuwHzh_B7MplNlUV8WuqLF8SesABk&dib_tag=se&qid=1735477082&refinements=p_89%3ASkillmatics&s=toys&sr=1-20,"1,423","1,499",500+,4.2,19,https://m.media-amazon.com/images/I/915mxk0yY9L._AC_UL320_.jpg,Ages: 36 months - 8 years,5.07
"Skillmatics Card Game - Train of Thought, Fun for Family Game Night, Educational Toys, Gifts for Boys and Girls Ages 6, 7, 8, 9 and Up",https://www.amazon.in/Skillmatics-Card-Game-Thought-Travel/dp/B0923J3PDM/ref=sr_1_21?dib=eyJ2IjoiMSJ9.Ia83r0UShgS5psMV683oJvjWtOeki0_G3XggXiOUPCvey0cxJg8UnRnBfZTvwuCSs_01zmyPp3OjCcg3C6SoXGMA-4VZpWhPgcjIrz0EfnQFXlwlfls15p44cONrB94nc53yLZmLrn3cfGanvazO1X9b-mP2bQf5BdSrsFEalQvYfGBzzx2O6liWp3fpoCf0zfw4-IH-FWe256fOebq0TOguz4BzG0GgFvZuIMKNs8kR96BX9wGRKljEg8ncYZPEWV1C7EoTbNpwKwsGlBJ8ONxu-yau4Y2GI9chxIqs3isqeRw_19qK9brvo2LH_39NL_v3HTCbY7zJ-qcJHxM9Hrk3iYco52p_m23xq9k2Gvc.vulUGJwcyNKEbAMuwHzh_B7MplNlUV8WuqLF8SesABk&dib_tag=se&qid=1735477082&refinements=p_89%3ASkillmatics&s=toys&sr=1-21,379,399,400+,4.4,"3,794",https://m.media-amazon.com/images/I/81wCtYZ+rwL._AC_UL320_.jpg,Ages: 6 years and up,5.01
"Skillmatics Unicorn & Princesses Art Kit - Write & Create Storybooks, Creative Activity, DIY Kit, 150+ Stickers, Gifts for Kids Ages 5, 6, 7, 8, 9, 10 - Multicolor",https://www.amazon.in/Skillmatics-Unicorn-Princesses-Art-Kit/dp/B0CMH9HN74/ref=sr_1_22?dib=eyJ2IjoiMSJ9.Ia83r0UShgS5psMV683oJvjWtOeki0_G3XggXiOUPCvey0cxJg8UnRnBfZTvwuCSs_01zmyPp3OjCcg3C6SoXGMA-4VZpWhPgcjIrz0EfnQFXlwlfls15p44cONrB94nc53yLZmLrn3cfGanvazO1X9b-mP2bQf5BdSrsFEalQvYfGBzzx2O6liWp3fpoCf0zfw4-IH-FWe256fOebq0TOguz4BzG0GgFvZuIMKNs8kR96BX9wGRKljEg8ncYZPEWV1C7EoTbNpwKwsGlBJ8ONxu-yau4Y2GI9chxIqs3isqeRw_19qK9brvo2LH_39NL_v3HTCbY7zJ-qcJHxM9Hrk3iYco52p_m23xq9k2Gvc.vulUGJwcyNKEbAMuwHzh_B7MplNlUV8WuqLF8SesABk&dib_tag=se&qid=1735477082&refinements=p_89%3ASkillmatics&s=toys&sr=1-22,948,999,500+,4.3,377,https://m.media-amazon.com/images/I/81SPy05b3kL._AC_UL320_.jpg,,5.11
"Skillmatics Art & Craft Kit - Snip, Snip Unicorns & Princesses Book, Practice Scissor Skills with 25 DIY Activities, Gifts for Kids Ages 3, 4, 5, 6, 7 - Paper, Multicolor",https://www.amazon.in/Skillmatics-Paper-Art-Craft-Activity/dp/B0CCYH843S/ref=sr_1_23?dib=eyJ2IjoiMSJ9.Ia83r0UShgS5psMV683oJvjWtOeki0_G3XggXiOUPCvey0cxJg8UnRnBfZTvwuCSs_01zmyPp3OjCcg3C6SoXGMA-4VZpWhPgcjIrz0EfnQFXlwlfls15p44cONrB94nc53yLZmLrn3cfGanvazO1X9b-mP2bQf5BdSrsFEalQvYfGBzzx2O6liWp3fpoCf0zfw4-IH-FWe256fOebq0TOguz4BzG0GgFvZuIMKNs8kR96BX9wGRKljEg8ncYZPEWV1C7EoTbNpwKwsGlBJ8ONxu-yau4Y2GI9chxIqs3isqeRw_19qK9brvo2LH_39NL_v3HTCbY7zJ-qcJHxM9Hrk3iYco52p_m23xq9k2Gvc.vulUGJwcyNKEbAMuwHzh_B7MplNlUV8WuqLF8SesABk&dib_tag=se&qid=1735477082&refinements=p_89%3ASkillmatics&s=toys&sr=1-23,569,599,300+,4.2,918,https://m.media-amazon.com/images/I/81BVhfQBOJL._AC_UL320_.jpg,,5.01
"Skillmatics Art & Craft Activity-Foil Fun Card Making Set, No Mess Art for Kids, Craft Kits & Supplies, DIY Creative Activity, Gifts for Girls & Boys Ages 4, 5, 6, 7, 8, 9, Travel Toys",https://www.amazon.in/Skillmatics-Activity-Foil-Supplies-Creative-Activity/dp/B0CSDN21RV/ref=sr_1_24?dib=eyJ2IjoiMSJ9.Ia83r0UShgS5psMV683oJvjWtOeki0_G3XggXiOUPCvey0cxJg8UnRnBfZTvwuCSs_01zmyPp3OjCcg3C6SoXGMA-4VZpWhPgcjIrz0EfnQFXlwlfls15p44cONrB94nc53yLZmLrn3cfGanvazO1X9b-mP2bQf5BdSrsFEalQvYfGBzzx2O6liWp3fpoCf0zfw4-IH-FWe256fOebq0TOguz4BzG0GgFvZuIMKNs8kR96BX9wGRKljEg8ncYZPEWV1C7EoTbNpwKwsGlBJ8ONxu-yau4Y2GI9chxIqs3isqeRw_19qK9brvo2LH_39NL_v3HTCbY7zJ-qcJHxM9Hrk3iYco52p_m23xq9k2Gvc.vulUGJwcyNKEbAMuwHzh_B7MplNlUV8WuqLF8SesABk&dib_tag=se&qid=1735477082&refinements=p_89%3ASkillmatics&s=toys&sr=1-24,949,999,400+,4.5,729,https://m.media-amazon.com/images/I/81aYeMf-hAL._AC_UL320_.jpg,Ages: 4 - 9 years,5.01
